{"stat.useItem.276":13,"stat.walkOneCm":49518,"stat.leaveGame":6,"stat.killEntity.Creeper":4,"stat.jump":133,"stat.useItem.367":3,"stat.fallOneCm":211,"achievement.exploreAllBiomes":{"value":0,"progress":["FrozenRiver","Ice Plains","Cold Beach"]},"stat.useItem.79":3,"stat.killEntity.Skeleton":2,"stat.useItem.332":8,"achievement.openInventory":21,"stat.useItem.259":2,"stat.damageTaken":1190,"stat.mobKills":12,"stat.useItem.46":3,"stat.useItem.261":18,"stat.flyOneCm":47220,"stat.deaths":1,"stat.drop":1,"stat.useItem.145":5,"stat.useItem.345":4,"stat.playOneMinute":152583,"stat.entityKilledBy.Zombie":1,"stat.useItem.347":6,"stat.damageDealt":2629,"stat.killEntity.Zombie":6}